Gcar,Gtm,Date,Tm,,Opp,Rslt,Inngs,PA,AB,R,H,2B,3B,HR,RBI,BB,IBB,SO,HBP,SH,SF,ROE,GDP,SB,CS,BA,OBP,SLG,OPS,BOP,aLI,WPA,acLI,cWPA,RE24,DFS(DK),DFS(FD),Pos
1359,1,Mar 28,NYY,,BAL,"W,7-2",CG,5,4,1,0,0,0,0,0,1,0,1,0,0,0,0,0,0,0,.000,.200,.000,.200,1,.36,-0.022,.39,-0.01%,-0.66,4.00,6.20,CF
1360,2,Mar 30,NYY,,BAL,"L,3-5",CG,5,5,0,0,0,0,0,0,0,0,1,0,0,0,0,0,0,0,.000,.100,.000,.100,1,1.38,-0.179,1.55,-0.12%,-1.68,0.00,0.00,CF
1361,3,Mar 31,NYY,,BAL,"L,5-7",GS-9,5,4,0,1,0,0,0,1,1,0,0,0,0,0,1,0,0,0,.077,.200,.077,.277,1,1.73,0.120,1.81,0.08%,0.94,7.00,9.50,CF
1362,4,Apr 1,NYY,,DET,"W,3-1",CG,4,4,1,2,0,0,1,1,0,0,0,0,0,0,0,0,1,0,.176,.263,.353,.616,1,.73,0.116,.67,0.06%,1.06,22.00,27.70,CF
1363,5,Apr 2,NYY,,DET,"L,1-3",CG,4,4,0,0,0,0,0,0,0,0,1,0,0,0,0,0,0,0,.143,.217,.286,.503,1,1.04,-0.115,.95,-0.06%,-1.05,0.00,0.00,CF
1364,6,Apr 3,NYY,,DET,"L,1-2",8-GF,0,0,0,0,0,0,0,0,0,,0,0,0,,0,,0,1,.143,.217,.286,.503,3,2.46,-0.071,2.20,-0.04%,-0.25,0.00,0.00,PR DH
1365,7,Apr 4,NYY,@,BAL,"W,8-4",CG,5,4,1,2,0,0,0,0,1,0,0,0,0,0,0,0,0,0,.200,.286,.320,.606,1,.98,0.015,.95,0.01%,0.51,10.00,12.20,CF
1366,8,Apr 6,NYY,@,BAL,"W,6-4",CG,5,5,1,1,1,0,0,0,0,0,1,0,0,0,0,0,0,0,.200,.273,.333,.606,1,.73,-0.033,.75,-0.02%,-0.59,7.00,9.20,CF
1367,9,Apr 7,NYY,@,BAL,"W,15-3",CG,6,3,2,1,1,0,0,0,3,0,0,0,0,0,0,0,0,0,.212,.333,.364,.697,1,.35,0.022,.39,0.02%,1.31,15.00,21.40,CF
1368,10,Apr 8,NYY,@,HOU,"L,3-4",CG,5,5,0,1,0,0,0,0,0,0,0,0,0,0,0,0,1,0,.211,.318,.342,.660,1,1.36,-0.040,1.36,-0.02%,-0.08,8.00,9.00,CF
1369,11,Apr 9,NYY,@,HOU,"L,3-6",CG,4,3,1,0,0,0,0,0,1,0,1,0,0,0,0,1,0,0,.195,.313,.317,.630,1,1.54,-0.129,1.49,-0.08%,-1.33,4.00,6.20,CF
1370,12,Apr 10,NYY,@,HOU,"L,6-8",CG,5,5,1,1,0,0,1,1,0,0,0,0,0,0,0,0,0,0,.196,.302,.370,.671,1,1.01,-0.022,.94,-0.01%,-0.26,14.00,18.70,CF
1371,13,Apr 12,NYY,,CHW,"L,6-9",CG(7),4,4,1,1,0,0,1,1,0,0,0,0,0,0,0,0,0,0,.200,.298,.420,.718,1,1.41,-0.021,1.20,-0.01%,-0.35,14.00,18.70,CF
1372,14,Apr 13,NYY,,CHW,"W,4-0",CG,4,4,0,1,0,0,0,0,0,0,1,0,0,0,0,0,0,0,.204,.295,.407,.702,1,.82,-0.029,.68,-0.01%,-0.37,3.00,3.00,CF
1373,15,Apr 14,NYY,,CHW,"L,2-5",CG,4,4,0,0,0,0,0,0,0,0,1,0,0,0,0,0,0,0,.190,.277,.379,.656,6,.82,-0.085,.69,-0.04%,-0.87,0.00,0.00,CF
1374,16,Apr 16,NYY,,BOS,"W,8-0",CG,4,2,2,1,1,0,0,0,1,0,0,1,0,0,0,0,0,0,.200,.304,.400,.704,7,.39,0.062,.34,0.03%,0.97,13.00,18.40,CF
1375,17,Apr 17,NYY,,BOS,"W,5-3",CG,4,4,1,1,0,0,1,4,0,0,0,0,0,0,0,0,0,0,.203,.301,.438,.739,1,1.85,0.398,1.68,0.22%,2.07,20.00,29.20,CF
1376,18,Apr 18,NYY,,KCR,"L,1-6",CG,4,4,0,0,0,0,0,0,0,0,2,0,0,0,0,0,0,0,.191,.286,.412,.697,1,1.01,-0.103,.89,-0.05%,-1.00,0.00,0.00,CF
1377,19,Apr 19,NYY,,KCR,"W,6-2",CG,4,2,1,1,0,0,1,2,1,0,0,1,0,0,0,0,1,0,.200,.309,.457,.766,1,.57,0.234,.48,0.12%,2.44,25.00,34.20,CF
1378,21 (1),Apr 21,NYY,,KCR,"W,7-6",CG(10),5,5,1,3,0,0,0,0,0,0,0,0,0,0,0,0,0,0,.227,.326,.467,.792,3,.69,0.022,.67,0.01%,0.23,11.00,12.20,CF
1379,22,Apr 22,NYY,@,LAA,"W,4-3",CG(14),6,4,0,0,0,0,0,0,2,0,0,0,0,0,0,0,0,0,.215,.326,.443,.769,1,1.52,-0.054,1.53,-0.03%,-0.25,4.00,6.00,CF
1380,23,Apr 23,NYY,@,LAA,"W,7-5",CG,5,5,1,4,1,1,0,0,0,0,0,0,0,0,0,0,0,0,.250,.351,.500,.851,3,.45,0.104,.47,0.07%,2.16,21.00,24.20,CF
1381,24,Apr 24,NYY,@,LAA,"W,6-5",CG,4,4,0,0,0,0,0,0,0,0,0,0,0,0,0,0,0,0,.239,.337,.477,.814,3,1.74,-0.254,1.89,-0.17%,-2.11,0.00,0.00,CF
1382,25,Apr 25,NYY,@,LAA,"L,5-11",CG,5,4,1,1,0,0,0,1,1,0,0,0,0,0,0,0,0,0,.239,.340,.467,.807,3,.98,-0.046,1.09,-0.03%,0.73,9.00,12.70,CF
1383,26,Apr 26,NYY,@,SFG,"W,7-3",7-GF,1,1,0,0,0,0,0,0,0,0,0,0,0,0,0,0,0,0,.237,.336,.462,.799,9,.29,-0.008,.32,-0.01%,-0.24,0.00,0.00,CF
1384,27,Apr 27,NYY,@,SFG,"W,6-4",CG,4,3,0,0,0,0,0,0,1,0,1,0,0,0,0,0,0,0,.229,.333,.448,.781,6,.44,-0.048,.50,-0.03%,-0.42,2.00,3.00,CF
1385,28,Apr 28,NYY,@,SFG,"W,11-5",CG,5,4,0,0,0,0,0,0,1,0,2,0,0,0,0,0,0,0,.220,.328,.430,.758,3,.56,0.046,.65,0.03%,-0.61,2.00,3.00,CF
1386,29,Apr 30,NYY,@,ARI,"L,1-3",CG,4,4,0,1,0,0,0,0,0,0,1,0,0,0,0,0,0,0,.221,.325,.423,.748,1,.81,-0.036,.93,-0.03%,-0.21,3.00,3.00,CF
1387,30,May 1,NYY,@,ARI,"L,2-3",CG,5,5,0,1,0,0,0,0,0,0,0,0,0,0,0,0,0,0,.220,.320,.413,.733,1,1.68,-0.173,1.86,-0.12%,-1.00,3.00,3.00,CF
1388,31,May 3,NYY,,MIN,"W,6-3",CG,4,4,1,0,0,0,0,1,0,0,1,0,0,0,1,0,0,0,.212,.310,.398,.708,1,.92,0.063,1.10,0.05%,0.32,4.00,6.70,CF
1389,32,May 4,NYY,,MIN,"L,3-7",CG,4,3,1,1,1,0,0,0,1,0,0,0,0,0,0,1,0,0,.216,.316,.405,.721,6,1.06,-0.024,1.32,-0.02%,0.31,9.00,12.20,CF
1390,33,May 5,NYY,,MIN,"W,4-1",CG(8),3,2,1,0,0,0,0,0,1,0,0,0,0,0,0,0,0,0,.212,.316,.398,.714,6,.88,0.024,1.04,0.02%,0.11,4.00,6.20,CF
1391,34,May 6,NYY,,SEA,"W,7-3",CG,3,3,2,2,0,1,1,1,0,0,1,0,0,0,0,0,0,0,.223,.324,.446,.770,6,.29,0.073,.35,0.05%,1.02,24.00,30.90,CF
1392,35,May 7,NYY,,SEA,"W,5-4",CG,4,3,1,0,0,0,0,1,1,0,1,0,0,0,0,0,0,0,.218,.322,.435,.757,9,1.88,-0.022,2.32,-0.02%,0.72,6.00,9.70,CF
1393,37 (1),May 9,NYY,,SEA,"W,3-1",CG,4,4,1,0,0,0,0,0,0,0,1,0,0,0,0,0,1,0,.211,.313,.422,.735,3,.89,-0.057,1.09,-0.04%,-0.78,7.00,9.20,CF
1394,38,May 10,NYY,@,TBR,"W,4-3",CG,4,4,0,0,0,0,0,0,0,0,2,0,0,0,0,0,0,0,.205,.305,.409,.714,9,1.20,-0.135,1.93,-0.13%,-1.66,0.00,0.00,CF
1395,39,May 11,NYY,@,TBR,"L,2-7",CG,4,4,0,0,0,0,0,0,0,0,1,0,0,0,0,1,0,0,.199,.297,.397,.694,3,.85,-0.146,1.37,-0.14%,-1.35,0.00,0.00,CF
1396,40,May 12,NYY,@,TBR,"W,7-1",7-GF,2,1,0,1,0,0,0,1,0,0,0,0,0,1,0,0,0,0,.204,.299,.401,.701,4,.63,0.035,.98,0.03%,0.29,5.00,6.50,CF
1397,41,May 15 (1),NYY,,BAL,"W,5-3",CG,4,4,0,0,0,0,0,0,0,0,0,0,0,0,0,0,0,0,.199,.292,.390,.682,6,.64,-0.068,.81,-0.05%,-1.01,0.00,0.00,CF
1398,42,May 15 (2),NYY,,BAL,"W,3-1",7-GF,1,1,0,0,0,0,0,0,0,0,0,0,0,0,0,0,0,1,.197,.290,.387,.677,6,.31,-0.017,.39,-0.01%,-0.56,0.00,0.00,LF
1399,43,May 17,NYY,,TBR,"W,4-3",GS-9,3,3,0,0,0,0,0,0,0,0,0,0,0,0,0,0,0,0,.193,.285,.379,.664,8,.84,-0.065,1.35,-0.06%,-0.54,0.00,0.00,LF
1400,44,May 18,NYY,,TBR,"L,1-2",GS-7,2,2,1,1,0,0,0,0,0,0,1,0,0,0,0,0,0,0,.197,.287,.381,.668,9,1.49,0.105,2.49,0.11%,0.93,5.00,6.20,LF
1401,45,May 19,NYY,,TBR,"W,13-5",CG,5,5,2,2,1,0,1,3,0,0,1,0,0,0,1,0,1,0,.204,.291,.408,.699,8,1.03,0.234,1.72,0.23%,2.61,30.00,40.90,LF
1402,46,May 20,NYY,@,BAL,"W,10-7",CG,4,3,1,1,0,0,0,0,1,0,0,0,0,0,0,0,0,0,.206,.295,.406,.702,8,1.10,0.097,1.42,0.07%,0.33,7.00,9.20,LF
1403,48 (1),May 22,NYY,@,BAL,"W,7-5",CG,5,4,1,3,3,0,0,0,1,0,0,0,0,0,0,0,0,0,.220,.309,.434,.743,6,.44,0.120,.55,0.09%,1.83,19.00,24.20,CF
1404,49,May 23,NYY,@,BAL,"W,6-5",CG,4,4,0,1,0,0,0,0,0,0,2,0,0,0,0,0,0,0,.221,.308,.429,.738,6,1.26,-0.107,1.55,-0.08%,-0.76,3.00,3.00,LF
1405,50,May 25 (1),NYY,@,KCR,"W,7-3",CG,4,4,2,3,0,1,0,0,0,0,0,0,0,0,0,0,1,0,.234,.317,.449,.767,6,.79,0.099,.95,0.07%,1.45,23.00,27.40,LF
1406,51,May 25 (2),NYY,@,KCR,"W,6-5",CG,5,5,0,1,0,0,0,0,0,0,2,0,0,0,0,0,0,0,.233,.314,.442,.756,3,.50,-0.045,.58,-0.03%,-1.01,3.00,3.00,CF
1407,52,May 26,NYY,@,KCR,"L,7-8",9-GF(10),1,1,0,0,0,0,0,0,0,0,1,0,0,0,0,0,0,0,.231,.313,.439,.752,9,2.27,-0.052,2.50,-0.03%,-0.50,0.00,0.00,PH LF
1408,53,May 27,NYY,,SDP,"W,5-2",CG,3,2,1,1,0,0,1,2,1,0,1,0,0,0,0,0,0,0,.234,.318,.457,.775,9,.73,0.217,.83,0.15%,2.06,18.00,25.20,LF
1409,54,May 28,NYY,,SDP,"L,4-5",CG,4,4,1,1,0,0,0,0,0,0,1,0,0,0,0,0,0,0,.235,.317,.453,.769,9,2.11,-0.093,2.36,-0.06%,-0.08,5.00,6.20,LF
1410,55,May 29,NYY,,SDP,"W,7-0",CG,4,3,0,1,0,0,0,1,0,0,1,0,0,1,0,0,0,0,.236,.316,.451,.766,5,.38,-0.007,.44,-0.01%,-0.12,5.00,6.50,CF
1411,56,May 31,NYY,,BOS,"W,4-1",CG,3,2,1,1,0,0,0,0,1,0,0,0,0,0,0,0,0,0,.239,.321,.451,.772,9,.74,0.034,.96,0.03%,0.41,7.00,9.20,LF
1412,57,Jun 1,NYY,,BOS,"W,5-3",CG,4,4,0,1,0,0,0,0,0,0,2,0,0,0,0,0,0,0,.239,.319,.447,.766,9,.81,0.026,1.01,0.02%,0.13,3.00,3.00,LF
1413,58,Jun 2,NYY,,BOS,"L,5-8",CG,4,4,0,0,0,0,0,0,0,0,1,0,0,0,0,0,0,0,.234,.313,.438,.751,9,.93,-0.097,1.13,-0.07%,-1.28,0.00,0.00,LF
1414,59,Jun 4,NYY,@,TOR,"L,3-4",CG,4,4,0,0,0,0,0,0,0,0,1,0,0,0,0,0,0,0,.230,.308,.429,.736,9,1.99,-0.205,2.24,-0.14%,-1.38,0.00,0.00,LF
1415,60,Jun 5,NYY,@,TOR,"L,7-11",CG,4,4,1,0,0,0,0,0,0,0,0,0,0,0,0,0,0,0,.225,.302,.420,.722,7,1.45,-0.141,1.62,-0.10%,-1.25,2.00,3.20,LF CF
1416,62 (1),Jun 7,NYY,@,CLE,"L,2-5",CG,3,3,0,0,0,0,0,0,0,0,0,0,0,0,0,0,0,0,.222,.298,.414,.712,9,1.26,-0.101,1.51,-0.07%,-0.93,0.00,0.00,LF
1417,63,Jun 8,NYY,@,CLE,"L,4-8",CG,4,4,0,0,0,0,0,0,0,0,1,0,0,0,0,0,0,0,.217,.293,.406,.699,1,.91,-0.097,1.12,-0.07%,-0.99,0.00,0.00,LF
1418,64,Jun 9,NYY,@,CLE,"W,7-6",CG(10),5,5,1,1,0,0,1,2,0,0,0,0,0,0,0,0,0,0,.217,.291,.415,.706,7,1.01,0.068,1.27,0.05%,0.32,16.00,22.20,LF
1419,65,Jun 11 (1),NYY,,NYM,"W,12-5",CG,4,3,1,2,0,1,0,1,1,0,0,0,0,0,0,0,0,0,.223,.299,.428,.727,9,.50,0.056,.57,0.04%,1.60,17.00,21.70,LF
1420,66,Jun 11 (2),NYY,,NYM,"L,4-10",CG,4,4,1,2,0,0,1,1,0,0,0,0,0,0,0,0,0,0,.228,.302,.443,.745,9,.32,-0.006,.36,0.00%,0.91,17.00,21.70,CF
1421,67,Jun 13,NYY,@,CHW,"L,4-5",CG,4,4,2,1,0,0,1,2,0,0,0,0,0,0,0,0,0,0,.229,.301,.453,.754,7,1.69,0.013,2.10,0.01%,1.05,18.00,25.40,LF
1422,68,Jun 14,NYY,@,CHW,"L,2-10",GS-7,2,2,0,0,0,0,0,0,0,0,2,0,0,0,0,0,0,0,.227,.299,.449,.748,9,.47,-0.025,.61,-0.02%,-0.36,0.00,0.00,LF
1423,69,Jun 15,NYY,@,CHW,"W,8-4",CG,4,1,2,0,0,0,0,0,3,0,0,0,0,0,0,0,0,0,.226,.306,.447,.753,9,.33,0.027,.43,0.02%,0.80,10.00,15.40,LF
1424,70,Jun 16,NYY,@,CHW,"W,10-3",CG,5,4,2,2,0,0,0,4,0,0,0,1,0,0,0,0,0,0,.230,.312,.448,.759,5,1.15,0.156,1.53,0.12%,2.46,20.00,29.40,CF
1425,71,Jun 17,NYY,,TBR,"W,3-0",CG,3,2,0,1,0,0,0,0,1,0,1,0,0,0,0,0,0,0,.233,.316,.448,.764,9,.65,-0.019,1.18,-0.02%,0.23,5.00,6.00,LF
1426,72,Jun 18,NYY,,TBR,"W,6-3",9-GF,0,0,0,0,0,0,0,0,0,,0,0,0,,0,,0,0,.233,.316,.448,.764,5,,,,,,0.00,0.00,LF
1427,73,Jun 19,NYY,,TBR,"W,12-1",CG,4,4,0,1,0,0,0,0,0,0,1,0,0,0,0,0,0,0,.233,.315,.445,.760,9,.29,-0.035,.48,-0.04%,-1.11,3.00,3.00,LF
1428,74,Jun 20,NYY,,HOU,"W,10-6",CG,4,3,0,1,0,0,0,0,1,0,0,0,0,0,0,0,0,0,.234,.317,.444,.761,9,.32,0.013,.39,0.01%,-0.05,5.00,6.00,CF
1429,75,Jun 21,NYY,,HOU,"W,4-1",CG,3,3,1,1,1,0,0,0,0,0,2,0,0,0,0,0,0,0,.236,.318,.446,.764,6,.64,0.004,.71,0.00%,0.08,7.00,9.20,LF CF
1430,76,Jun 22,NYY,,HOU,"W,7-5",8-GF,0,0,0,0,0,0,0,0,0,,0,0,0,,0,,0,0,.236,.318,.446,.764,4,,,,,,0.00,0.00,LF
1431,77,Jun 23,NYY,,HOU,"L,4-9",CG,3,2,1,1,0,0,0,0,1,0,0,0,0,0,0,0,0,0,.238,.321,.447,.768,9,.24,0.012,.25,0.01%,0.09,7.00,9.20,LF
1432,78,Jun 24,NYY,,TOR,"W,10-8",CG,4,4,1,0,0,0,0,1,0,0,0,0,0,0,0,0,0,0,.234,.317,.440,.756,9,.96,-0.091,1.02,-0.06%,-1.36,4.00,6.70,LF
1433,79,Jun 25,NYY,,TOR,"W,4-3",4-GF,3,3,0,0,0,0,0,0,0,0,0,0,0,0,0,0,0,0,.231,.313,.434,.748,4,.71,-0.059,.73,-0.04%,-0.95,0.00,0.00,LF
1434,80,Jun 26,NYY,,TOR,"W,8-7",CG,4,4,0,1,0,0,0,0,0,0,1,0,0,0,0,0,0,0,.231,.313,.431,.744,9,1.33,-0.113,1.28,-0.07%,-0.94,3.00,3.00,LF
1435,81,Jun 29,NYY,@,BOS,"W,17-13",CG,5,4,2,1,0,0,1,3,1,0,1,0,0,0,0,0,0,0,.232,.314,.440,.754,9,.76,0.262,.87,0.18%,1.52,22.00,31.90,LF
1436,82,Jun 30,NYY,@,BOS,"W,12-8",CG,5,4,1,2,0,0,0,1,1,0,1,0,0,0,0,0,0,0,.236,.319,.441,.760,9,.86,0.033,.86,0.02%,1.09,12.00,15.70,LF
1437,83,Jul 2,NYY,@,NYM,"L,2-4",CG,4,4,0,1,0,0,0,0,0,0,1,0,0,0,0,0,0,0,.236,.318,.438,.756,8,1.02,-0.082,.80,-0.04%,-0.75,3.00,3.00,LF
1438,84,Jul 3,NYY,@,NYM,"W,5-1",CG,4,3,0,0,0,0,0,0,1,0,1,0,0,0,0,1,0,0,.233,.317,.433,.750,8,.77,-0.063,.72,-0.04%,-1.05,2.00,3.00,LF
1439,85,Jul 4,NYY,@,TBR,"W,8-4",CG(10),4,4,1,1,0,0,0,0,0,0,2,0,0,0,0,0,0,0,.234,.316,.431,.747,9,1.76,0.053,2.07,0.04%,-0.10,5.00,6.20,LF
1440,86,Jul 5,NYY,@,TBR,"W,8-4",CG(11),5,5,2,3,0,0,1,3,0,0,1,0,0,0,0,0,0,0,.240,.321,.444,.765,7,1.42,0.217,1.44,0.13%,2.70,26.00,34.90,LF CF
1441,87,Jul 6,NYY,@,TBR,"L,3-4",CG,4,2,1,1,0,0,1,1,2,0,0,0,0,0,0,0,2,0,.242,.326,.456,.782,6,1.33,0.209,1.11,0.11%,1.37,28.00,36.70,LF
1442,88,Jul 7,NYY,@,TBR,"L,1-2",CG,4,4,1,2,1,0,1,1,0,0,1,0,0,0,0,0,0,0,.246,.328,.470,.798,6,.93,0.041,.94,0.03%,0.87,19.00,24.70,LF
1443,89,Jul 12,NYY,,TOR,"W,4-0",CG,4,4,1,2,1,1,0,0,0,0,0,0,0,0,0,0,0,0,.249,.330,.481,.811,9,.53,0.104,.46,0.06%,0.80,15.00,18.20,LF
1444,90,Jul 13,NYY,,TOR,"L,1-2",CG,4,4,0,2,0,0,0,0,0,0,0,0,0,0,0,0,0,0,.253,.332,.481,.814,9,1.42,-0.012,1.21,-0.01%,-0.03,6.00,6.00,LF
1445,91,Jul 14,NYY,,TOR,"W,4-2",CG,4,4,0,1,0,0,0,0,0,0,1,0,0,0,0,0,0,0,.253,.331,.478,.809,6,.59,-0.054,.52,-0.03%,-0.75,3.00,3.00,CF
1446,92,Jul 15,NYY,,TBR,"L,4-5",CG,4,3,0,0,0,0,0,0,1,0,0,0,0,0,0,0,0,0,.250,.330,.473,.804,9,1.61,-0.124,2.05,-0.10%,-0.55,2.00,3.00,LF
1447,93,Jul 16,NYY,,TBR,"W,8-3",CG,3,3,0,0,0,0,0,0,0,0,2,0,0,0,0,0,0,0,.248,.327,.469,.796,9,2.09,-0.154,3.14,-0.14%,-0.88,0.00,0.00,LF
1448,94,Jul 18 (1),NYY,,TBR,"W,6-2",CG,4,3,0,0,0,0,0,0,1,0,2,0,0,0,0,0,0,0,.245,.327,.464,.791,9,.89,-0.010,1.19,-0.01%,-0.64,2.00,3.00,LF
1449,95,Jul 18 (2),NYY,,TBR,"W,5-1",CG,4,4,0,1,1,0,0,0,0,0,1,0,0,0,0,0,0,0,.245,.326,.465,.790,1,.78,-0.041,.91,-0.03%,0.07,5.00,6.00,CF
1450,97 (1),Jul 20,NYY,,COL,"W,11-5",CG,4,3,1,0,0,0,0,0,1,0,2,0,0,0,0,0,0,0,.243,.325,.460,.785,9,.26,-0.017,.16,-0.01%,-0.65,4.00,6.20,LF
1451,108 (10),Aug 2,NYY,,BOS,"W,4-2",CG,3,3,0,0,0,0,0,0,0,0,1,0,0,0,0,0,0,0,.241,.322,.456,.778,9,.55,-0.041,.46,-0.02%,-0.66,0.00,0.00,CF
1452,109,Aug 3 (1),NYY,,BOS,"W,9-2",CG,4,4,2,3,0,0,0,2,0,0,1,0,0,0,0,0,1,0,.247,.327,.459,.786,9,.75,0.136,.52,0.06%,2.48,22.00,28.40,CF
1453,110,Aug 3 (2),NYY,,BOS,"W,6-4",8-GF,1,1,0,0,0,0,0,0,0,0,0,0,0,0,0,0,0,0,.246,.326,.458,.784,4,.15,-0.004,.09,0.00%,-0.11,0.00,0.00,PH CF
1454,111,Aug 4,NYY,,BOS,"W,7-4",CG,4,3,1,1,1,0,0,0,1,0,0,0,0,0,0,0,0,0,.247,.328,.460,.788,5,.31,-0.012,.17,0.00%,0.12,9.00,12.20,CF
1455,112,Aug 5,NYY,@,BAL,"W,9-6",CG,4,4,3,3,0,0,1,1,0,0,0,0,0,0,0,0,0,0,.253,.332,.473,.805,6,.74,0.116,.35,0.03%,1.49,24.00,31.10,CF
1456,113,Aug 6,NYY,@,BAL,"W,9-4",CG,5,4,1,1,0,0,1,1,1,0,0,0,0,0,0,0,0,0,.253,.333,.479,.812,5,.61,-0.030,.24,-0.01%,0.44,16.00,21.70,CF
1457,114,Aug 7,NYY,@,BAL,"W,14-2",CG,5,5,1,2,2,0,0,1,0,0,0,0,0,0,0,0,0,0,.255,.334,.484,.818,6,.53,-0.030,.21,-0.01%,0.04,14.00,18.70,CF
1458,116 (1),Aug 9,NYY,@,TOR,"L,2-8",GS-4,2,2,0,1,1,0,0,0,0,0,1,0,0,0,0,0,0,0,.257,.335,.487,.822,2,.88,-0.014,.19,0.00%,-0.15,5.00,6.00,CF
1459,117,Aug 10,NYY,@,TOR,"L,4-5",CG,4,4,0,1,0,0,0,0,0,0,1,0,0,0,0,0,0,0,.257,.334,.484,.818,6,.75,-0.022,.21,0.00%,-0.34,3.00,3.00,CF
1460,118,Aug 11,NYY,@,TOR,"W,1-0",CG,4,4,0,1,1,0,0,1,0,0,2,0,0,0,0,0,0,0,.256,.333,.484,.817,5,.98,0.057,.34,0.01%,0.33,7.00,9.50,CF
1461,119,Aug 12 (1),NYY,,BAL,"W,8-5",CG,4,2,3,1,1,0,0,0,2,0,0,0,0,0,0,0,0,0,.258,.338,.487,.825,1,.41,0.043,.14,0.01%,0.64,15.00,21.60,CF
1462,120,Aug 12 (2),NYY,,BAL,"W,11-8",CG,5,4,0,1,0,1,0,3,1,0,1,0,0,0,0,0,0,0,.258,.338,.490,.828,5,.64,0.173,.19,0.03%,1.66,16.00,22.50,CF
1463,122 (1),Aug 14,NYY,,BAL,"W,6-5",CG,4,3,0,0,0,0,0,0,1,0,0,0,0,0,0,0,0,0,.256,.337,.486,.823,1,.60,-0.001,.16,0.00%,-0.15,2.00,3.00,CF
1464,123,Aug 15,NYY,,CLE,"L,5-19",CG,4,3,0,0,0,0,0,0,1,0,0,0,0,0,0,0,0,0,.253,.337,.482,.819,6,.29,0.011,.06,0.00%,-0.50,2.00,3.00,CF
1465,124,Aug 16,NYY,,CLE,"W,3-2",CG,4,4,0,1,1,0,0,0,0,0,0,0,0,0,0,0,0,0,.253,.336,.482,.818,7,.74,-0.046,.20,-0.01%,-0.87,5.00,6.00,CF
1466,125,Aug 17,NYY,,CLE,"W,6-5",GS-7,3,3,0,0,0,0,0,0,0,0,2,0,0,0,0,0,0,0,.251,.333,.478,.811,1,1.07,-0.081,.20,-0.01%,-0.74,0.00,0.00,CF
1467,126,Aug 18,NYY,,CLE,"L,4-8",CG,4,4,0,2,2,0,0,0,0,0,2,0,0,0,0,0,0,0,.254,.335,.484,.819,6,.35,0.028,.05,0.00%,0.44,10.00,12.00,CF
1468,129 (2),Aug 22,NYY,@,OAK,"L,3-5",CG,4,4,0,0,0,0,0,0,0,0,2,0,0,0,0,1,0,0,.251,.332,.479,.810,6,.73,-0.109,.19,-0.02%,-1.47,0.00,0.00,CF
1469,130,Aug 23,NYY,@,LAD,"W,10-2",CG,5,5,0,2,1,0,0,1,0,0,0,0,0,0,0,0,0,0,.253,.333,.480,.813,7,.49,-0.048,.16,-0.01%,0.35,10.00,12.50,CF
1470,131,Aug 24,NYY,@,LAD,"L,1-2",CG,4,4,0,1,0,0,0,0,0,0,1,0,0,0,0,0,0,0,.253,.332,.478,.810,5,2.28,-0.045,.76,-0.01%,-0.74,3.00,3.00,CF
1471,132,Aug 25,NYY,@,LAD,"W,5-1",CG,4,4,1,1,0,0,0,0,0,0,2,0,0,0,0,0,0,0,.253,.331,.475,.806,6,.46,-0.034,.17,-0.01%,0.34,5.00,6.20,CF
1472,133,Aug 26,NYY,@,SEA,"W,5-4",CG,4,3,0,1,0,1,0,0,1,0,1,0,0,0,0,0,0,0,.254,.333,.479,.812,3,.57,-0.003,.13,0.00%,0.09,10.00,12.00,CF
1473,134,Aug 27,NYY,@,SEA,"W,7-0",CG,5,4,2,1,0,0,1,3,1,0,1,0,0,0,0,0,0,0,.254,.333,.485,.818,5,.52,0.068,.09,0.01%,0.79,22.00,31.90,CF
1474,135,Aug 28,NYY,@,SEA,"W,7-3",CG,4,4,0,0,0,0,0,0,0,0,1,0,0,0,0,0,0,0,.251,.330,.480,.810,5,.40,-0.044,.07,0.00%,-1.12,0.00,0.00,CF
1475,136,Aug 30,NYY,,OAK,"L,2-8",CG,4,4,0,1,0,0,0,0,0,0,1,0,0,0,0,0,0,0,.251,.330,.478,.807,7,1.01,0.004,.16,0.00%,-0.05,3.00,3.00,CF
1476,137,Aug 31,NYY,,OAK,"W,4-3",CG(11),4,4,0,0,0,0,0,0,0,0,2,0,0,0,0,0,0,0,.249,.327,.473,.800,6,1.66,-0.236,.30,-0.03%,-1.24,0.00,0.00,CF
1477,138,Sep 1,NYY,,OAK,"W,5-4",CG,4,4,1,1,0,0,1,1,0,0,3,0,0,0,0,0,0,0,.249,.326,.478,.804,7,2.13,0.312,.34,0.03%,-0.06,14.00,18.70,CF
1478,140 (1),Sep 3,NYY,,TEX,"W,10-1",CG,4,4,1,1,0,0,1,2,0,0,1,0,0,0,0,0,0,0,.249,.325,.483,.809,6,.25,-0.016,.05,0.00%,1.13,16.00,22.20,CF
1479,141,Sep 4,NYY,,TEX,"W,4-1",CG,4,2,1,0,0,0,0,0,2,0,0,0,0,0,0,0,0,0,.248,.327,.481,.808,1,.72,0.007,.14,0.00%,-0.14,6.00,9.20,CF
1480,142,Sep 6,NYY,@,BOS,"L,1-6",CG,3,3,1,2,0,0,1,1,0,0,1,0,0,0,0,0,0,0,.251,.329,.489,.818,7,.61,0.020,.10,0.00%,0.38,17.00,21.70,CF
1481,143,Sep 7,NYY,@,BOS,"W,5-1",CG,5,4,0,1,0,0,0,0,1,0,1,0,0,0,0,0,1,0,.251,.330,.487,.817,7,.36,-0.014,.07,0.00%,-0.39,10.00,12.00,CF
1482,144,Sep 8,NYY,@,BOS,"W,10-5",CG,5,5,0,0,0,0,0,0,0,0,2,0,0,0,0,0,0,0,.248,.326,.481,.808,7,.46,-0.059,.09,-0.01%,-1.86,0.00,0.00,CF
1483,145,Sep 9,NYY,@,BOS,"W,5-0",CG,5,5,0,0,0,0,0,0,0,0,2,0,0,0,0,0,0,0,.245,.323,.476,.799,6,.62,-0.139,.09,-0.01%,-2.27,0.00,0.00,CF
1484,146,Sep 10,NYY,@,DET,"L,11-12",CG,5,5,2,2,0,0,2,3,0,0,2,0,0,0,0,0,0,0,.247,.324,.489,.812,2,1.02,0.051,.11,0.00%,1.75,30.00,40.90,CF
1485,148 (1),Sep 12 (2),NYY,@,DET,"W,6-4",CG,4,4,0,0,0,0,0,0,0,0,4,0,0,0,0,0,0,0,.244,.321,.484,.805,6,.52,-0.056,.07,0.00%,-0.82,0.00,0.00,CF
1486,149,Sep 13,NYY,@,TOR,"L,5-6",CG(12),5,5,1,1,1,0,0,0,0,0,1,0,0,0,0,0,0,0,.244,.320,.483,.803,7,1.19,-0.072,.11,0.00%,-0.30,7.00,9.20,CF
1487,150,Sep 14,NYY,@,TOR,"W,13-3",GS-8,5,5,2,3,1,0,2,5,0,0,0,0,0,0,1,0,0,0,.248,.323,.500,.823,6,.73,0.305,.09,0.02%,4.37,39.00,53.90,CF
1488,151,Sep 15,NYY,@,TOR,"L,4-6",CG,4,2,0,1,0,0,0,0,2,0,1,0,0,0,0,0,0,0,.249,.326,.500,.826,5,1.17,0.043,.14,0.00%,0.69,7.00,9.00,CF
1489,152,Sep 17,NYY,,LAA,"W,8-0",CG,4,4,0,1,0,0,0,0,0,0,1,0,0,0,0,0,0,0,.249,.326,.498,.823,6,.62,-0.069,.07,-0.01%,-0.81,3.00,3.00,CF
1490,153,Sep 18,NYY,,LAA,"L,2-3",CG,4,4,0,2,0,0,0,0,0,0,1,0,0,0,0,0,0,0,.251,.327,.498,.825,7,1.34,0.069,.23,0.01%,0.28,6.00,6.00,CF
1491,154,Sep 19,NYY,,LAA,"W,9-1",CG,4,3,3,2,1,0,1,3,1,0,0,0,0,0,0,0,0,0,.254,.330,.508,.838,7,.62,0.081,.08,0.01%,2.02,29.00,41.10,CF
1492,155,Sep 20,NYY,,TOR,"L,3-4",CG,4,4,1,1,0,0,0,0,0,0,0,0,0,0,0,0,0,0,.254,.330,.505,.835,6,1.68,-0.084,.14,0.00%,-0.21,5.00,6.20,CF
1493,156,Sep 21,NYY,,TOR,"W,7-2",CG,5,4,0,1,0,0,0,0,0,0,2,1,0,0,0,0,0,0,.254,.330,.503,.833,1,.78,-0.042,.07,0.00%,-0.94,5.00,6.00,CF
1494,157,Sep 22,NYY,,TOR,"W,8-3",CG,4,4,1,1,0,0,1,3,0,0,1,0,0,0,0,0,0,0,.254,.330,.507,.837,5,.44,0.170,.07,0.02%,1.77,18.00,25.70,CF
1495,158,Sep 24,NYY,@,TBR,"L,1-2",10-GF(12),2,2,0,0,0,0,0,0,0,0,1,0,0,0,0,0,0,0,.253,.328,.505,.834,9,2.77,-0.153,.43,-0.01%,-0.51,0.00,0.00,PH CF
1496,159,Sep 25,NYY,@,TBR,"L,0-4",CG,4,4,0,0,0,0,0,0,0,0,1,0,0,0,0,0,0,0,.251,.326,.501,.827,3,.94,-0.099,.11,-0.01%,-0.99,0.00,0.00,CF
1497,160,Sep 27,NYY,@,TEX,"W,14-7",GS-8,4,4,2,2,0,0,1,1,0,0,1,0,0,0,0,1,0,0,.253,.327,.507,.834,6,.71,0.051,.08,0.00%,0.39,19.00,24.90,CF
1498,161,Sep 28,NYY,@,TEX,"L,4-9",GS-7,2,1,0,0,0,0,0,1,0,0,1,0,0,1,0,0,0,0,.252,.326,.506,.832,3,1.16,-0.019,.14,0.00%,-0.18,2.00,3.50,CF
1499,162,Sep 29,NYY,@,TEX,"L,1-6",CG,4,3,0,0,0,0,0,0,1,0,1,0,0,0,0,0,0,0,.251,.325,.503,.829,3,.35,-0.015,.00,0.00%,-0.46,2.00,3.00,CF
